﻿"Datum";"Buchungstext";"Whg";"Betrag Detail";"ZKB-Referenz";"Referenznummer";"Belastung CHF";"Gutschrift CHF";"Valuta";"Saldo CHF";"Zahlungszweck"
"03.03.2022";"Gutschrift Auftraggeber: STRIPE PAYMENTS UK LTD, 9TH FLOOR, 107";"";"";"Z220621200828";"";"";"826.31";"03.03.2022";"56368.86";""
"";"STRIPE PAYMENTS UK LTD, 9TH FLOOR, 107 CHEAPSIDE GB - LONDON EC2V 6DN";"";"";"";"";"";"";"";"";"STRIPE H8M7V1"
"02.03.2022";"Gutschrift Auftraggeber: STRIPE PAYMENTS UK LTD, 9TH FLOOR, 107";"";"";"Z220610679322";"";"";"1207.97";"02.03.2022";"55542.55";""
"";"STRIPE PAYMENTS UK LTD, 9TH FLOOR, 107 CHEAPSIDE GB - LONDON EC2V 6DN";"";"";"";"";"";"";"";"";"STRIPE U5J5K8"
"02.03.2022";"Gutschrift Auftraggeber: YAMO AG, ZAEHLERWEG 3 CH 6300 ZUG";"";"";"Z220610571598";"";"";"171.24";"02.03.2022";"54334.58";""
"";"YAMO AG, ZAEHLERWEG 3 CH 6300 ZUG";"";"";"";"";"";"";"";"";"INV-18CH31233"
"02.03.2022";"Gutschrift Auftraggeber: Alprojob Litscher, Gotthelfstrasse 10";"";"";"Z220610530989";"";"";"96.93";"02.03.2022";"54163.34";""
"";"Alprojob Litscher, Gotthelfstrasse 10, CH-8352 Elsau";"";"";"";"";"";"";"";"";""
