Membre,Oussama,Kontra,514 900 7800,oussama.kontra@umontreal.ca,11111,1
Membre,Patrick,Leclair,614 900 9000,patrick.leclair@umontreal.ca,22222,0
Membre,Reda,Hamid,514 890 8000,reda.hamid@umontreal.ca,12345,0
Membre,Leila,Amiri,800 789 3000,leila.amiri@umontreal.ca,12345,1
Membre,Salma,Amiri,800 789 3001,salma.amiri@umontreal.ca,12345,1
Superviseur,Fatiha,Salami,690 900 8700,fatiha.salami@umontreal.ca,12345,1
Superviseur,Douaa,Amiri,514 900 7802,douaa.amiri@umontreal.ca,12345,0
Administrateur,Basma,Radi,614 900 9008,basma.radi@umontreal.ca,12345,1